"TICKER","NAME","CUSIP","SHARES","% of NET ASSETS"
"AVGO","Broadcom Inc","11135F101","3.997","6.24"
"MU","Micron Technology Inc","595112103","968","3.41"
"LLY","Eli Lilly & Co","532457108","695","3.23"
"TSLA","Tesla Inc","88160R101","2.507","3.12"
"AMD","Advanced Micro Devices Inc","007903107","1.396","2.73"
"JNJ","Johnson & Johnson","478160104","2.132","2.2"
"AAPL","Apple Inc","037833100","12.496","16.78"
"AMAT","Applied Materials Inc","038222105","677","1.37"
"LRCX","Lam Research Corp","512807306","1.066","1.28"
"PG","Procter & Gamble Co/The","742718109","2.053","1.19"
"HD","Home Depot Inc/The","437076102","866","1.16"
"MRK","Merck & Co Inc","58933Y105","2.190","1.14"
"GEV","GE Vernova Inc","36828A101","230","0.91"
"PANW","Palo Alto Networks Inc","697435105","693","0.91"
"TXN","Texas Instruments Inc","882508104","774","0.86"
"LIN","Linde PLC","G54950103","404","0.83"
"KLAC","KLA CORP","482480100","1.114","0.81"
"ORCL","Oracle Corp","68389X105","1.476","0.76"
"TMO","Thermo Fisher Scientific Inc","883556102","314","0.73"
"PEP","PepsiCo Inc","713448108","1.239","0.7"
"ABT","Abbott Laboratories","002824100","1.522","0.65"
"SNDK","Sandisk Corp","80004C200","126","0.65"
"CRWD","Crowdstrike Holdings Inc","22788C105","852","0.64"
"TJX","TJX Cos Inc/The","872540109","986","0.63"
"ADI","Analog Devices Inc","032654105","421","0.62"
"ANET","Arista Networks Inc","040413205","885","0.61"
"WDC","Western Digital Corp","958102105","283","0.61"
"UNP","Union Pacific Corp","907818108","511","0.6"
"WELL","Welltower Inc","95040Q104","607","0.58"
"T","AT&T Inc","00206R102","6.008","0.56"
"GILD","Gilead Sciences Inc","375558103","1.058","0.56"
"QCOM","QUALCOMM Inc","747525103","898","0.55"
"MRVL","MARVELL TECHNOLOGY INC","573874104","736","0.54"
"COP","ConocoPhillips","20825C104","1.085","0.52"
"CRM","Salesforce Inc","79466L302","709","0.52"
"PFE","Pfizer Inc","717081103","4.919","0.49"
"UBER","Uber Technologies Inc","90353T100","1.728","0.49"
"PLD","Prologis Inc","74340W103","800","0.47"
"ISRG","Intuitive Surgical Inc","46120E602","311","0.44"
"Cash&Other","Cash & Other","","109.826","0.44"
"DHR","Danaher Corp","235851102","546","0.43"
"VRTX","Vertex Pharmaceuticals Inc","92532F100","216","0.42"
"LOW","Lowe's Cos Inc","548661107","490","0.41"
"SBUX","Starbucks Corp","855244109","971","0.41"
"SYK","Stryker Corp","863667101","295","0.41"
"NOW","ServiceNow Inc","81762P102","888","0.39"
"MCK","McKesson Corp","58155Q103","110","0.38"
"MDT","Medtronic PLC","G5960L103","1.097","0.38"
"GLW","Corning Inc","219350105","672","0.37"
"EQIX","Equinix Inc","29444U700","85","0.36"
"SNOW","Snowflake Inc","833445109","296","0.36"
"NEM","Newmont Corp","651639106","904","0.35"
"ADBE","Adobe Inc","00724F101","345","0.34"
"APP","AppLovin Corp","03831W108","210","0.34"
"PWR","Quanta Services Inc","74762E102","128","0.34"
"TT","Trane Technologies PLC","G8994E103","194","0.34"
"MMM","3M Co","88579Y101","462","0.33"
"CSX","CSX Corp","126408103","1.604","0.32"
"CDNS","Cadence Design Systems Inc","127387108","237","0.32"
"FTNT","Fortinet Inc","34959E109","513","0.32"
"VRT","Vertiv Holdings Co","92537N108","336","0.31"
"WM","Waste Management Inc","94106L109","336","0.31"
"JCI","Johnson Controls International plc","G51502105","518","0.3"
"CMI","Cummins Inc","231021106","113","0.29"
"DDOG","Datadog Inc","23804L103","270","0.29"
"ITW","Illinois Tool Works Inc","452308109","252","0.29"
"MAR","Marriott International Inc/MD","571903202","190","0.29"
"PSX","Phillips 66","718546104","339","0.29"
"ROST","Ross Stores Inc","778296103","281","0.29"
"EMR","Emerson Electric Co","291011104","475","0.28"
"MDLZ","Mondelez International Inc","609207105","1.084","0.28"
"SHW","Sherwin-Williams Co/The","824348106","205","0.28"
"EOG","EOG Resources Inc","26875P101","465","0.27"
"UPS","United Parcel Service Inc","911312106","630","0.27"
"SLB","SLB Ltd","806857108","1.302","0.26"
"CL","Colgate-Palmolive Co","194162103","678","0.25"
"DLR","Digital Realty Trust Inc","253868103","315","0.25"
"NSC","Norfolk Southern Corp","655844108","187","0.25"
"ORLY","O'Reilly Automotive Inc","67103H107","718","0.25"
"REGN","Regeneron Pharmaceuticals Inc","75886F107","85","0.25"
"CTAS","Cintas Corp","172908105","294","0.24"
"ECL","Ecolab Inc","278865100","211","0.24"
"BSX","Boston Scientific Corp","101137107","1.264","0.23"
"FDX","FedEx Corp","31428X106","189","0.23"
"MNST","Monster Beverage Corp","61174X109","592","0.23"
"PCAR","PACCAR Inc","693718108","435","0.23"
"SNPS","Synopsys Inc","871607107","154","0.23"
"URI","United Rentals Inc","911363109","53","0.23"
"CRH","CRH PLC","G25508105","597","0.23"
"APD","Air Products and Chemicals Inc","009158106","186","0.22"
"MPWR","Monolithic Power Systems Inc","609839105","42","0.22"
"CTVA","Corteva Inc","22052L104","588","0.21"
"COR","Cencora Inc","03073E105","161","0.2"
"BKR","Baker Hughes Co","05722G100","845","0.2"
"DAL","Delta Air Lines Inc","247361702","550","0.2"
"SRE","Sempra","816851109","551","0.2"
"SPCX","Space Exploration Technologies Corp","84615Q103","438","0.2"
"TER","Teradyne Inc","880770102","133","0.2"
"BE","Bloom Energy Corp","093712107","222","0.19"
"CAH","Cardinal Health Inc","14149Y108","210","0.19"
"CIEN","Ciena Corp","171779309","127","0.19"
"NUE","Nucor Corp","670346105","184","0.19"
"ADSK","Autodesk Inc","052769106","193","0.18"
"CMG","Chipotle Mexican Grill Inc","169656105","1.134","0.18"
"FIX","Comfort Systems USA Inc","199908104","27","0.18"
"EW","Edwards Lifesciences Corp","28176E108","517","0.18"
"FAST","Fastenal Co","311900104","973","0.18"
"GWW","WW Grainger Inc","384802104","33","0.18"
"KEYS","Keysight Technologies Inc","49338L103","139","0.18"
"WAB","Westinghouse Air Brake Technologies Corp","929740108","152","0.18"
"AZO","AutoZone Inc","053332102","14","0.17"
"BDX","Becton Dickinson & Co","075887109","252","0.17"
"CARR","Carrier Global Corp","14448C104","672","0.17"
"DVN","Devon Energy Corp","25179M103","947","0.17"
"EBAY","eBay Inc","278642103","381","0.17"
"NKE","NIKE Inc","654106103","1.010","0.17"
"ROK","Rockwell Automation Inc","773903109","92","0.17"
"CVNA","Carvana Co","146869102","640","0.16"
"LITE","Lumentum Holdings Inc","55024U109","57","0.16"
"GRMN","Garmin Ltd","H2906T109","136","0.16"
"ALAB","Astera Labs Inc","04626A103","126","0.15"
"CBRE","CBRE Group Inc","12504L109","252","0.15"
"FERG","Ferguson Enterprises Inc","31488V107","168","0.15"
"IDXX","IDEXX Laboratories Inc","45168D104","66","0.15"
"A","Agilent Technologies Inc","00846U101","252","0.14"
"ADM","Archer-Daniels-Midland Co","039483102","420","0.14"
"COHR","Coherent Corp","19247G107","143","0.14"
"RSG","Republic Services Inc","760759100","170","0.14"
"AU","Anglogold Ashanti Plc","G0378L100","424","0.14"
"FLEX","Flex Ltd","Y2573F102","300","0.14"
"KMB","Kimberly-Clark Corp","494368103","294","0.13"
"MCHP","Microchip Technology Inc","595017104","428","0.13"
"OXY","Occidental Petroleum Corp","674599105","593","0.13"
"ROP","Roper Technologies Inc","776696106","85","0.13"
"STLD","Steel Dynamics Inc","858119100","129","0.13"
"UAL","United Airlines Holdings Inc","910047109","259","0.13"
"WAT","Waters Corp","941848103","85","0.13"
"DHI","DR Horton Inc","23331A109","213","0.12"
"KVUE","Kenvue Inc","49177J102","1.596","0.12"
"MLM","Martin Marietta Materials Inc","573284106","53","0.12"
"MSTR","Strategy Inc","594972408","304","0.12"
"NTRA","Natera Inc","632307104","110","0.12"
"NTAP","NetApp Inc","64110D104","168","0.12"
"ODFL","Old Dominion Freight Line Inc","679580100","146","0.12"
"BIIB","Biogen Inc","09062X103","126","0.11"
"GEHC","GE HealthCare Technologies Inc","36266G107","382","0.11"
"ILMN","Illumina Inc","452327109","128","0.11"
"IR","Ingersoll Rand Inc","45687V106","336","0.11"
"JBL","Jabil Inc","466313103","85","0.11"
"ON","ON Semiconductor Corp","682189105","336","0.11"
"RMD","ResMed Inc","761152107","126","0.11"
"RKLB","Rocket Lab Corp","773121108","421","0.11"
"VMC","Vulcan Materials Co","929160109","105","0.11"
"WDAY","Workday Inc","98138H101","171","0.11"
"CRDO","Credo Technology Group Holding Ltd","G25457105","133","0.11"
"AVB","AvalonBay Communities Inc","053484101","126","0.1"
"DXCM","Dexcom Inc","252131107","336","0.1"
"EME","EMCOR Group Inc","29084Q100","32","0.1"
"OTIS","Otis Worldwide Corp","68902V107","336","0.1"
"RBLX","ROBLOX Corp","771049103","512","0.1"
"TPR","Tapestry Inc","876030107","170","0.1"
"TWLO","Twilio Inc","90138F102","126","0.1"
"XYL","Xylem Inc/NY","98419M100","210","0.1"
"ALNY","Alnylam Pharmaceuticals Inc","02043Q107","110","0.09"
"ATO","Atmos Energy Corp","049560105","129","0.09"
"CPRT","Copart Inc","217204106","756","0.09"
"DLTR","Dollar Tree Inc","256746108","168","0.09"
"DOV","Dover Corp","260003108","105","0.09"
"EXPD","Expeditors International of Washington Inc","302130109","131","0.09"
"HPQ","HP Inc","40434L105","798","0.09"
"HAL","Halliburton Co","406216101","714","0.09"
"HSY","Hershey Co/The","427866108","126","0.09"
"PKG","Packaging Corp of America","695156109","85","0.09"
"PHM","PulteGroup Inc","745867101","168","0.09"
"Q","Qnity Electronics Inc","74743L100","171","0.09"
"SUNB","Sunbelt Rentals Holdings Inc","866966104","322","0.09"
"TPL","Texas Pacific Land Corp","88262P102","56","0.09"
"WSM","Williams-Sonoma Inc","969904101","101","0.09"
"XPO","XPO Inc","983793100","110","0.09"
"FTI","TechnipFMC PLC","G87110105","336","0.09"
"CHD","Church & Dwight Co Inc","171340102","210","0.08"
"EQR","Equity Residential","29476L107","302","0.08"
"HUBB","Hubbell Inc","443510607","44","0.08"
"KHC","Kraft Heinz Co/The","500754106","714","0.08"
"LH","Labcorp Holdings Inc","504922105","64","0.08"
"MTZ","MasTec Inc","576323109","58","0.08"
"MTD","Mettler-Toledo International Inc","592688105","14","0.08"
"MDB","MongoDB Inc","60937P106","61","0.08"
"PPG","PPG Industries Inc","693506107","174","0.08"
"P","Everpure Inc","74624M102","257","0.08"
"DGX","Quest Diagnostics Inc","74834L100","87","0.08"
"RDDT","Reddit Inc","75734B100","110","0.08"
"UTHR","United Therapeutics Corp","91307C102","36","0.08"
"VLTO","Veralto Corp","92338C103","210","0.08"
"NVT","nVent Electric PLC","G6700G107","129","0.08"
"SW","Smurfit Westrock PLC","G8267P108","427","0.08"
"STE","STERIS PLC","G8473T100","84","0.08"
"BURL","Burlington Stores Inc","122017106","46","0.07"
"EXE","Expand Energy Corp","165167735","185","0.07"
"CPNG","Coupang Inc","22266T109","1.135","0.07"
"DOW","Dow Inc","260557103","588","0.07"
"FICO","Fair Isaac Corp","303250104","16","0.07"
"FFIV","F5 Inc","315616102","45","0.07"
"FTV","Fortive Corp","34959J108","294","0.07"
"INSM","Insmed Inc","457669307","171","0.07"
"IFF","International Flavors & Fragrances Inc","459506101","210","0.07"
"IP","International Paper Co","460146103","428","0.07"
"EL","Estee Lauder Cos Inc/The","518439104","210","0.07"
"OKTA","Okta Inc","679295105","130","0.07"
"RBA","RB Global Inc","74935Q107","168","0.07"
"RS","Reliance Inc","759509102","44","0.07"
"SNA","Snap-on Inc","833034101","44","0.07"
"SCCO","Southern Copper Corp","84265V105","89","0.07"
"LUV","Southwest Airlines Co","844741108","378","0.07"
"ULTA","ULTA BEAUTY INC","90384S303","32","0.07"
"VRSN","VeriSign Inc","92343E102","64","0.07"
"WST","West Pharmaceutical Services Inc","955306105","54","0.07"
"ZM","Zoom Communications Inc","98980L101","201","0.07"
"FTAI","FTAI Aviation Ltd","G3730V105","85","0.07"
"AKAM","Akamai Technologies Inc","00971T101","126","0.06"
"CDW","CDW Corp/DE","12514G108","102","0.06"
"CF","CF Industries Holdings Inc","125269100","128","0.06"
"CSL","Carlisle Cos Inc","142339100","43","0.06"
"DD","DUPONT DE NEMOURS INC","26614N201","110","0.06"
"ENTG","Entegris Inc","29362U104","126","0.06"
"GPC","Genuine Parts Co","372460105","126","0.06"
"GH","Guardant Health Inc","40131M109","93","0.06"
"JBHT","JB Hunt Transport Services Inc","445658107","59","0.06"
"INCY","Incyte Corp","45337C102","129","0.06"
"JLL","Jones Lang LaSalle Inc","48020Q107","43","0.06"
"LSCC","Lattice Semiconductor Corp","518415104","126","0.06"
"LEN","Lennar Corp","526057104","168","0.06"
"MTSI","MACOM Technology Solutions Holdings Inc","55405Y100","61","0.06"
"NBIX","Neurocrine Biosciences Inc","64125C109","84","0.06"
"QXO","QXO Inc","82846H405","1.046","0.06"
"SNX","TD SYNNEX Corp","87162W100","57","0.06"
"TSCO","Tractor Supply Co","892356106","462","0.06"
"TYL","Tyler Technologies Inc","902252105","48","0.06"
"WY","Weyerhaeuser Co","962166104","588","0.06"
"ZBH","ZIMMER BIOMET HOLDINGS INC","98956P102","169","0.06"
"ALLE","Allegion plc","G0176J109","96","0.06"
"SN","SharkNinja Inc","G8068L108","84","0.06"
"VIK","Viking Holdings Ltd","G93A5A101","131","0.06"
"BG","Bunge Global SA","H11356104","131","0.06"
"APG","API Group Corp","00187Y100","294","0.05"
"AA","Alcoa Corp","013872106","261","0.05"
"TEAM","Atlassian Corp","049468101","130","0.05"
"CHRW","CH Robinson Worldwide Inc","12541W209","88","0.05"
"CLH","CLEAN HARBORS INC COM","184496107","43","0.05"
"CDE","COEUR MINING INC.","192108504","763","0.05"
"COO","Cooper Cos Inc/The","216648501","168","0.05"
"DTM","DT Midstream Inc","23345M107","85","0.05"
"DECK","Deckers Outdoor Corp","243537107","126","0.05"
"EXEL","Exelixis Inc","30161Q104","210","0.05"
"FDXF","Fedex Freight Holding Co Inc","314352105","94","0.05"
"GDDY","GoDaddy Inc","380237107","126","0.05"
"DINO","HF Sinclair Corp","403949100","126","0.05"
"IEX","IDEX Corp","45167R104","58","0.05"
"J","Jacobs Solutions Inc","46982L108","88","0.05"
"MAS","Masco Corp","574599106","168","0.05"
"MDLN","Medline Inc","58507V107","326","0.05"
"MLI","Mueller Industries Inc","624756102","176","0.05"
"NVR","NVR Inc","62944T105","2","0.05"
"NDSN","Nordson Corp","655663102","44","0.05"
"NTNX","Nutanix Inc","67059N108","210","0.05"
"OVV","Ovintiv Inc","69047Q102","218","0.05"
"PTC","PTC Inc","69370C100","88","0.05"
"PINS","Pinterest Inc","72352L106","504","0.05"
"RL","Ralph Lauren Corp","751212101","32","0.05"
"SWK","Stanley Black & Decker Inc","854502101","126","0.05"
"STRL","Sterling Infrastructure Inc","859241101","20","0.05"
"TOL","Toll Brothers Inc","889478103","84","0.05"
"TRMB","Trimble Inc","896239100","210","0.05"
"ZBRA","Zebra Technologies Corp","989207105","43","0.05"
"ZS","Zscaler Inc","98980G102","84","0.05"
"ASND","Ascendis Pharma A/S","K08588103","50","0.05"
"ALB","Albemarle Corp","012653101","88","0.04"
"AR","Antero Resources Corp","03674X106","252","0.04"
"APA","APA Corp","03743Q108","294","0.04"
"AIT","Applied Industrial Technologies Inc","03820C105","26","0.04"
"ARW","Arrow Electronics Inc","042735100","43","0.04"
"BMRN","BioMarin Pharmaceutical Inc","09061G101","168","0.04"
"TECH","Bio-Techne Corp","09073M104","126","0.04"
"BWA","BorgWarner Inc","099724106","168","0.04"
"CRL","Charles River Laboratories International Inc","159864107","43","0.04"
"CORT","Corcept Therapeutics Inc","218352102","84","0.04"
"CSGP","CoStar Group Inc","22160N109","342","0.04"
"DKS","Dick's Sporting Goods Inc","253393102","46","0.04"
"DOCU","Docusign Inc","256163106","168","0.04"
"DT","Dynatrace Inc","268150109","252","0.04"
"EGP","EastGroup Properties Inc","277276101","43","0.04"
"EHC","ENCOMPASS HEALTH CORP","29261A100","84","0.04"
"ELS","Equity LifeStyle Properties Inc","29472R108","168","0.04"
"FIVE","Five Below Inc","33829M101","47","0.04"
"FLS","Flowserve Corp","34354P105","126","0.04"
"GGG","Graco Inc","384109104","130","0.04"
"HUBS","HubSpot Inc","443573100","43","0.04"
"IONS","Ionis Pharmaceuticals Inc","462222100","194","0.04"
"IONQ","IonQ Inc","46222L108","277","0.04"
"KNX","Knight-Swift Transportation Holdings Inc","499049104","126","0.04"
"LII","Lennox International Inc","526107107","26","0.04"
"LECO","Lincoln Electric Holdings Inc","533900106","44","0.04"
"LFUS","Littelfuse Inc","537008104","21","0.04"
"LULU","Lululemon Athletica Inc","550021109","84","0.04"
"MKC","McCormick & Co Inc/MD","579780206","210","0.04"
"MEDP","Medpace Holdings Inc","58506Q109","17","0.04"
"NXT","Nextpower Inc","65290E101","107","0.04"
"ONTO","Onto Innovation Inc","683344105","43","0.04"
"RVTY","Revvity Inc","714046109","87","0.04"
"RPM","RPM International Inc","749685103","90","0.04"
"RIVN","Rivian Automotive Inc","76954A103","593","0.04"
"ROL","Rollins Inc","775711104","252","0.04"
"RBRK","Rubrik Inc","781154109","126","0.04"
"SCI","Service Corp International/US","817565104","126","0.04"
"SUI","Sun Communities Inc","866674104","89","0.04"
"WSO","Watsco Inc","942622200","31","0.04"
"FN","Fabrinet","G3323L100","23","0.04"
"AYI","Acuity Inc","00508Y102","22","0.03"
"ACM","AECOM","00766T100","90","0.03"
"WMS","Advanced Drainage Systems Inc","00790R104","47","0.03"
"AEIS","Advanced Energy Industries Inc","007973100","23","0.03"
"ALGN","Align Technology Inc","016255101","47","0.03"
"APPF","Appfolio Inc","03783C100","44","0.03"
"AWI","Armstrong World Industries Inc","04247X102","43","0.03"
"AVTR","Avantor Inc","05352A100","546","0.03"
"AVY","Avery Dennison Corp","053611109","48","0.03"
"AVT","Avnet Inc","053807103","84","0.03"
"AXSM","Axsome Therapeutics Inc","05464T104","29","0.03"
"BMNR","BitMine Immersion Technologies Inc","09175A206","438","0.03"
"CLX","Clorox Co/The","189054109","89","0.03"
"COKE","Coca-Cola Consolidated Inc","191098102","45","0.03"
"CGNX","Cognex Corp","192422103","126","0.03"
"CNM","Core & Main Inc","21874C102","168","0.03"
"DOCN","DigitalOcean Holdings Inc","25402D102","55","0.03"
"DCI","Donaldson Co Inc","257651109","87","0.03"
"ENSG","Ensign Group Inc/The","29358P101","44","0.03"
"FORM","FormFactor Inc","346375108","59","0.03"
"IT","Gartner Inc","366651107","47","0.03"
"GNRC","Generac Holdings Inc","368736104","45","0.03"
"GMED","Globus Medical Inc","379577208","87","0.03"
"LOPE","Grand Canyon Education Inc","38526M106","44","0.03"
"AHR","American Healthcare REIT Inc","398182303","147","0.03"
"HALO","Halozyme Therapeutics Inc","40637H109","88","0.03"
"HL","Hecla Mining Co","422704106","495","0.03"
"PODD","Insulet Corp","45784P101","47","0.03"
"LEA","Lear Corp","521865204","43","0.03"
"MANH","Manhattan Associates Inc","562750109","45","0.03"
"NFG","National Fuel Gas Co","636180101","84","0.03"
"NEU","NewMarket Corp","651587107","8","0.03"
"PAYC","Paycom Software Inc","70432V102","43","0.03"
"PEN","Penumbra Inc","70975L107","20","0.03"
"QRVO","Qorvo Inc","74736K101","84","0.03"
"RMBS","Rambus Inc","750917106","73","0.03"
"RRC","Range Resources Corp","75281A109","210","0.03"
"REXR","Rexford Industrial Realty Inc","76169C100","210","0.03"
"SAIA","Saia Inc","78709Y105","24","0.03"
"HSIC","Henry Schein Inc","806407102","84","0.03"
"SMTC","Semtech Corp","816850101","64","0.03"
"SSD","Simpson Manufacturing Co Inc","829073105","43","0.03"
"SOLS","Solstice Advanced Materials Inc","83443Q103","126","0.03"
"TTEK","Tetra Tech Inc","88162G103","210","0.03"
"TTD","Trade Desk Inc/The","88339J105","378","0.03"
"TKR","Timken Co/The","887389104","46","0.03"
"TTC","Toro Co/The","891092108","84","0.03"
"UHS","Universal Health Services Inc","913903100","43","0.03"
"VMI","Valmont Industries Inc","920253101","18","0.03"
"PNR","Pentair PLC","G7S00T104","129","0.03"
"ONON","On Holding AG","H5919C104","174","0.03"
"QGEN","QIAGEN NV","N72482156","170","0.03"
"AAON","AAON Inc","000360206","47","0.02"
"AGCO","AGCO Corp","001084102","46","0.02"
"AMKR","Amkor Technology Inc","031652100","89","0.02"
"AAOI","Applied Optoelectronics Inc","03823U102","59","0.02"
"ATR","AptarGroup Inc","038336103","46","0.02"
"AUR","Aurora Innovation Inc","051774107","882","0.02"
"BSY","Bentley Systems Inc","08265T208","126","0.02"
"HRB","H&R Block Inc","093671105","89","0.02"
"BEPC","Brookfield Renewable Corp","11285B108","126","0.02"
"BRKR","Bruker Corp","116794108","84","0.02"
"BLDR","Builders FirstSource Inc","12008R107","84","0.02"
"CAVA","Cava Group Inc","148929102","84","0.02"
"CHWY","Chewy Inc","16679L109","168","0.02"
"CRUS","Cirrus Logic Inc","172755100","43","0.02"
"CROX","Crocs Inc","227046109","43","0.02"
"DUOL","Duolingo Inc","26603R106","43","0.02"
"BROS","Dutch Bros Inc","26701L100","89","0.02"
"ESI","Element Solutions Inc","28618M106","168","0.02"
"ENPH","Enphase Energy Inc","29355A107","126","0.02"
"EPAM","EPAM Systems Inc","29414B104","43","0.02"
"ECG","Everus Construction Group Inc","300426103","43","0.02"
"FND","Floor & Decor Holdings Inc","339750101","84","0.02"
"GXO","GXO Logistics Inc","36262G101","84","0.02"
"GAP","Gap Inc/The","364760108","210","0.02"
"GNTX","Gentex Corp","371901109","168","0.02"
"GTLB","Gitlab Inc","37637K108","126","0.02"
"KEX","Kirby Corp","497266106","43","0.02"
"LKQ","LKQ Corp","501889208","210","0.02"
"LSTR","Landstar System Inc","515098101","30","0.02"
"LLYVK","Liberty Live Holdings Inc","530909308","43","0.02"
"LYFT","Lyft Inc","55087P104","336","0.02"
"MSA","MSA Safety Inc","553498106","24","0.02"
"MSM","MSC Industrial Direct Co Inc","553530106","43","0.02"
"M","Macy's Inc","55616P104","210","0.02"
"MDGL","Madrigal Pharmaceuticals Inc","558868105","12","0.02"
"CART","Maplebear Inc","565394103","126","0.02"
"MTDR","Matador Resources Co","576485205","88","0.02"
"MIDD","Middleby Corp/The","596278101","43","0.02"
"MOD","Modine Manufacturing Co","607828100","32","0.02"
"MHK","Mohawk Industries Inc","608190104","43","0.02"
"MOS","Mosaic Co/The","61945C103","252","0.02"
"NOV","NOV Inc","62955J103","294","0.02"
"PVH","PVH Corp","693656100","43","0.02"
"PLNT","Planet Fitness Inc","72703H101","84","0.02"
"POOL","Pool Corp","73278L105","21","0.02"
"POWL","Powell Industries Inc","739128106","19","0.02"
"PCOR","Procore Technologies Inc","74275K108","89","0.02"
"RAL","Ralliant Corp","750940108","84","0.02"
"RYN","Rayonier Inc","754907103","253","0.02"
"RGEN","Repligen Corp","759916109","43","0.02"
"SPXC","SPX Technologies Inc","78473E103","28","0.02"
"SANM","Sanmina Corp","801056102","31","0.02"
"S","SentinelOne Inc","81730H109","255","0.02"
"SITE","SiteOne Landscape Supply Inc","82982L103","43","0.02"
"AOS","A O Smith Corp","831865209","84","0.02"
"PATH","UiPath Inc","90364P105","336","0.02"
"ULS","UL Solutions Inc","903731107","56","0.02"
"VIAV","Viavi Solutions Inc","925550105","156","0.02"
"WTS","Watts Water Technologies Inc","942749102","18","0.02"
"YETI","YETI Holdings Inc","98585X104","84","0.02"
"DOX","Amdocs Ltd","G02602103","84","0.02"
"AS","Amer Sports Inc","G0260P102","126","0.02"
"GTES","Gates Industrial Corp Ltd","G39104107","210","0.02"
"G","Genpact Ltd","G3922B107","126","0.02"
"GFS","GLOBALFOUNDRIES Inc","G39387108","84","0.02"
"WFRD","Weatherford International PLC","G48833118","47","0.02"
"ESTC","Elastic NV","N14506104","84","0.02"
"ALGM","Allegro MicroSystems Inc","01749D105","84","0.01"
"BIO","Bio-Rad Laboratories Inc","090572207","6","0.01"
"BFAM","Bright Horizons Family Solutions Inc","109194100","43","0.01"
"CELH","Celsius Holdings Inc","15118V207","126","0.01"
"CHE","Chemed Corp","16359R103","3","0.01"
"COLM","Columbia Sportswear Co","198516106","43","0.01"
"ELF","elf Beauty Inc","26856L103","43","0.01"
"EXP","Eagle Materials Inc","26969P108","16","0.01"
"NVST","Envista Holdings Corp","29415F104","126","0.01"
"ESAB","Esab Corp","29605J106","43","0.01"
"FCN","FTI Consulting Inc","302941109","22","0.01"
"FPS","Forgent Power Solutions Inc","34631F102","97","0.01"
"FRPT","Freshpet Inc","358039105","43","0.01"
"GLXY","Galaxy Digital Inc","36317J209","138","0.01"
"GSAT","Globalstar Inc","378973507","44","0.01"
"HAYW","Hayward Holdings Inc","421298100","168","0.01"
"PPLI","People Inc","44891N208","43","0.01"
"IESC","IES Holdings Inc","44951W106","6","0.01"
"KVYO","Klaviyo Inc","49845K101","114","0.01"
"KD","Kyndryl Holdings Inc","50155Q100","210","0.01"
"LBRDK","Liberty Broadband Corp","530307305","84","0.01"
"LINE","Lineage Inc","53566V106","43","0.01"
"LOAR","Loar Holdings Inc","53947R105","43","0.01"
"LPX","Louisiana-Pacific Corp","546347105","43","0.01"
"MFP","Midera Food Processing Inc","59739R104","43","0.01"
"OLLI","Ollie's Bargain Outlet Holdings Inc","681116109","43","0.01"
"PEGA","Pegasystems Inc","705573103","84","0.01"
"PRIM","Primoris Services Corp","74164F103","33","0.01"
"RHI","Robert Half Inc","770323103","84","0.01"
"SNDR","Schneider National Inc","80689H102","43","0.01"
"TEM","Tempus AI Inc","88023B103","84","0.01"
"THO","Thor Industries Inc","885160101","43","0.01"
"TREX","Trex Co Inc","89531P105","84","0.01"
"VICR","Vicor Corp","925815102","16","0.01"
"WING","Wingstop Inc","974155103","16","0.01"
"AUGO","Aura Minerals Inc","G06973112","30","0.01"
"JHX","James Hardie Industries PLC","G4253H101","126","0.01"
"BIRK","Birkenstock Holding Plc","M2029K104","43","0.01"
"CAI","Caris Life Sciences Inc","142152107","51","0"
"DDS","Dillard's Inc","254067101","1","0"
"IPGP","IPG Photonics Corp","44980X109","5","0"
"INGM","Ingram Micro Holding Corp","457152106","32","0"
"JAN","Janus Living Inc","471024109","34","0"
"LEN/B","Lennar Corp","526057302","7","0"
"LBRDA","Liberty Broadband Corp","530307107","12","0"
"LLYVA","Liberty Live Holdings Inc","530909100","4","0"
"REYN","Reynolds Consumer Products Inc","76171L106","43","0"
"MWH","Solv Energy Inc","78475V103","28","0"
"SAIL","SailPoint Inc","78781J109","43","0"
"SMMT","Summit Therapeutics Inc","86627T108","84","0"
"UI","Ubiquiti Inc","90353W103","1","0"
"WLK","Westlake Corp","960413102","6","0"
"2602335D","TPG Inc","","54","0"
"2645536D","Biogen Inc","","58","0"